grade_band,num_students,avg_absences,pct_internet
High,131,2.7557251908396947,85.49618320610686
Low,100,4.61,68.0
Medium,418,3.715311004784689,76.07655502392345
